fname, lname, age
TEST, TEST, 
TEST, TEST, 
TEST, TEST, 
TEST, TEST, 
TEST, TEST, 
TEST, TEST, 
TEST, TEST, 
TEST, TEST, 
TEST, TEST, 
TEST, TEST, 
TEST, TEST, 
TEST, TEST, 
TEST, TEST, 
TEST, TEST, 
TEST, TEST, 
TEST, TEST, 
TEST, TEST, 
TEST, TEST, 
TEST, TEST, 
TEST, TEST, 
TEST, TEST, 
TEST, TEST, 
TEST, TEST, 
TEST, TEST, 
TEST, TEST, 
TEST, TEST, 
TEST, , TEST 
TEST, , TEST 
TEST, , TEST 
TEST, , TEST 
TEST, , TEST 
TEST, , TEST 
TEST, , TEST 
TEST, , TEST 
TEST, , TEST 
TEST, , TEST 
TEST, , TEST 
TEST, , TEST 
TEST, , TEST 
TEST, , TEST 
TEST, , TEST 
TEST, , TEST 
TEST, , TEST 
TEST, , TEST 
TEST, , TEST 
TEST, , TEST 
TEST, , TEST 
, TEST, TEST 
, TEST, TEST 
, TEST, TEST 
, TEST, TEST 
, TEST, TEST 
, TEST, TEST 
, TEST, TEST 
, TEST, TEST 
, TEST, TEST 
, TEST, TEST 
, TEST, TEST 
, TEST, TEST 
, TEST, TEST 
, TEST, TEST 
, TEST, TEST 
, TEST, TEST 
, TEST, TEST 
, TEST, TEST 
, TEST, TEST 
, TEST, TEST 
, TEST, TEST 
, TEST, TEST 
, TEST, TEST 
, TEST, TEST 
, TEST, TEST 
, TEST, TEST 
, TEST, TEST 
, TEST, TEST 
, TEST, TEST 
, TEST, TEST 